{
  "eslint.config.js": 1775625085.6615465,
  "vite.config.js": 1778347092.3811107,
  "api/index.js": 1780160321.5689335,
  "server/helpers.js": 1780160125.113588,
  "server/database.js": 1780161983.7805233,
  "server/index.js": 1780162372.1199753,
  "server/routes/users.js": 1780160227.1363316,
  "server/routes/transactions.js": 1780160283.1183121,
  "server/routes/data.js": 1780160238.425136,
  "server/routes/groups.js": 1780160261.8159697,
  "server/routes/auth.js": 1780160206.2748377,
  "server/routes/budgets.js": 1780160299.0642388,
  "server/middleware/authenticate.js": 1780160172.426881,
  "src/main.jsx": 1776280941.5006032,
  "src/App.jsx": 1778356124.0621006,
  "src/components/features/AddExpenseModal.jsx": 1778347092.3741107,
  "src/components/features/InsightsPanel.jsx": 1776243657.2638416,
  "src/components/ui/Card.jsx": 1776243617.022485,
  "src/components/ui/Modal.jsx": 1778349681.4354134,
  "src/components/ui/Button.jsx": 1776243610.617931,
  "src/components/ui/Toggle.jsx": 1776243623.174012,
  "src/components/ui/ConfirmModal.jsx": 1778347092.3751106,
  "src/components/ui/Toast.jsx": 1778347092.3751106,
  "src/components/ui/Input.jsx": 1778356124.0631006,
  "src/components/layout/Sidebar.jsx": 1778356124.0631006,
  "src/components/layout/DashboardLayout.jsx": 1778356124.0621006,
  "src/components/layout/MobileNav.jsx": 1778356124.0631006,
  "src/pages/Auth.jsx": 1778356124.0641007,
  "src/pages/Dashboard.jsx": 1778356124.0651007,
  "src/pages/Analytics.jsx": 1778349681.4364133,
  "src/pages/Settings.jsx": 1778356124.0651007,
  "src/pages/Budgets.jsx": 1778356124.0641007,
  "src/pages/Family.jsx": 1778349681.4374132,
  "src/pages/Transactions.jsx": 1778356124.0651007,
  "src/context/AppContext.jsx": 1779797671.3302443,
  "src/context/useAppContext.js": 1776243639.3643746,
  "src/context/slices/useDataSlice.js": 1778347092.3761106,
  "src/context/slices/useAuthSlice.js": 1779797671.3312442,
  "src/context/slices/useUISlice.js": 1778349681.4364133,
  "src/utils/helpers.js": 1778347092.3811107,
  "src/utils/export.js": 1776243349.9756985,
  "src/utils/api.js": 1779797671.3312442,
  "src/utils/cn.js": 1776243606.9786136,
  "CLAUDE.md": 1776336586.8022673,
  "README.md": 1775625085.660545,
  "DEPLOY.md": 1780159621.213363,
  "auth-page.png": 1780161058.851626,
  "dashboard.png": 1780161702.4271383,
  "after-transaction.png": 1780161802.386252,
  "add-transaction-modal.png": 1780161767.2738879,
  "public/icons.svg": 1775625085.6615465,
  "public/favicon.svg": 1775625085.6615465,
  "src/assets/hero.png": 1775625085.6625478,
  "src/assets/react.svg": 1775625085.6625478,
  "src/assets/vite.svg": 1775625085.6625478
}