{
  "eslint.config.js": 1775625085.6615465,
  "vite.config.js": 1775625173.3936837,
  "server/helpers.js": 1776277262.53309,
  "server/database.js": 1776243551.181511,
  "server/index.js": 1776280286.885429,
  "server/routes/users.js": 1776277286.3293428,
  "server/routes/transactions.js": 1776277330.4182627,
  "server/routes/data.js": 1776277296.8276718,
  "server/routes/groups.js": 1776277316.8454587,
  "server/routes/auth.js": 1776277276.8488429,
  "server/routes/budgets.js": 1776277337.3561354,
  "server/middleware/authenticate.js": 1776277266.7744267,
  "src/main.jsx": 1776280941.5006032,
  "src/App.jsx": 1776276713.0391836,
  "src/components/features/AddExpenseModal.jsx": 1776273272.4899569,
  "src/components/features/InsightsPanel.jsx": 1776243657.2638416,
  "src/components/ui/Card.jsx": 1776243617.022485,
  "src/components/ui/Modal.jsx": 1776243620.3967745,
  "src/components/ui/Button.jsx": 1776243610.617931,
  "src/components/ui/Toggle.jsx": 1776243623.174012,
  "src/components/ui/Toast.jsx": 1776276676.922285,
  "src/components/ui/Input.jsx": 1776243627.3533669,
  "src/components/layout/Sidebar.jsx": 1776245731.7065446,
  "src/components/layout/DashboardLayout.jsx": 1776243103.8892307,
  "src/components/layout/MobileNav.jsx": 1776243081.3532984,
  "src/pages/Auth.jsx": 1776243856.5127494,
  "src/pages/Dashboard.jsx": 1776273292.172005,
  "src/pages/Analytics.jsx": 1776245772.2734623,
  "src/pages/Settings.jsx": 1776245746.9805946,
  "src/pages/Family.jsx": 1776273908.402747,
  "src/pages/Transactions.jsx": 1776273760.608299,
  "src/context/AppContext.jsx": 1776277209.5381787,
  "src/context/useAppContext.js": 1776243639.3643746,
  "src/context/slices/useDataSlice.js": 1776277141.3468173,
  "src/context/slices/useAuthSlice.js": 1776277117.6717405,
  "src/context/slices/useUISlice.js": 1776277106.0517814,
  "src/utils/helpers.js": 1776276645.6155083,
  "src/utils/export.js": 1776243349.9756985,
  "src/utils/api.js": 1776277090.316545,
  "src/utils/cn.js": 1776243606.9786136,
  "CLAUDE.md": 1776280461.7849631,
  "README.md": 1775625085.660545,
  "DEPLOY.md": 1776280453.167238,
  "public/icons.svg": 1775625085.6615465,
  "public/favicon.svg": 1775625085.6615465,
  "src/assets/hero.png": 1775625085.6625478,
  "src/assets/react.svg": 1775625085.6625478,
  "src/assets/vite.svg": 1775625085.6625478
}