{
  "eslint.config.js": 1775625085.6615465,
  "vite.config.js": 1776332282.073695,
  "server/helpers.js": 1776319187.1442575,
  "server/database.js": 1776319182.870094,
  "server/index.js": 1776319172.2346895,
  "server/routes/users.js": 1776318293.2416718,
  "server/routes/transactions.js": 1776277330.4182627,
  "server/routes/data.js": 1776319234.559101,
  "server/routes/groups.js": 1776277316.8454587,
  "server/routes/auth.js": 1776335120.1165614,
  "server/routes/budgets.js": 1776319243.416451,
  "server/middleware/authenticate.js": 1776319228.1368482,
  "src/main.jsx": 1776280941.5006032,
  "src/App.jsx": 1776319577.6784863,
  "src/components/features/AddExpenseModal.jsx": 1776318379.6305592,
  "src/components/features/InsightsPanel.jsx": 1776243657.2638416,
  "src/components/ui/Card.jsx": 1776243617.022485,
  "src/components/ui/Modal.jsx": 1776243620.3967745,
  "src/components/ui/Button.jsx": 1776243610.617931,
  "src/components/ui/Toggle.jsx": 1776243623.174012,
  "src/components/ui/ConfirmModal.jsx": 1776318302.6313615,
  "src/components/ui/Toast.jsx": 1776319585.3758216,
  "src/components/ui/Input.jsx": 1776243627.3533669,
  "src/components/layout/Sidebar.jsx": 1776245731.7065446,
  "src/components/layout/DashboardLayout.jsx": 1776243103.8892307,
  "src/components/layout/MobileNav.jsx": 1776243081.3532984,
  "src/pages/Auth.jsx": 1776319345.4635901,
  "src/pages/Dashboard.jsx": 1776318520.1807375,
  "src/pages/Analytics.jsx": 1776245772.2734623,
  "src/pages/Settings.jsx": 1776319441.3576157,
  "src/pages/Family.jsx": 1776319408.8822405,
  "src/pages/Transactions.jsx": 1776318446.445574,
  "src/context/AppContext.jsx": 1776319292.6304247,
  "src/context/useAppContext.js": 1776243639.3643746,
  "src/context/slices/useDataSlice.js": 1776319307.1530156,
  "src/context/slices/useAuthSlice.js": 1776319262.7382205,
  "src/context/slices/useUISlice.js": 1776319451.4500453,
  "src/utils/helpers.js": 1776318325.2098315,
  "src/utils/export.js": 1776243349.9756985,
  "src/utils/api.js": 1776332281.919691,
  "src/utils/cn.js": 1776243606.9786136,
  "CLAUDE.md": 1776315849.662464,
  "README.md": 1775625085.660545,
  "DEPLOY.md": 1776280453.167238,
  "public/icons.svg": 1775625085.6615465,
  "public/favicon.svg": 1775625085.6615465,
  "src/assets/hero.png": 1775625085.6625478,
  "src/assets/react.svg": 1775625085.6625478,
  "src/assets/vite.svg": 1775625085.6625478
}